<?xml version="1.0" encoding="UTF-8"?>
<!--
        Copyright (c) 2008 All rights reserved
                Asemantics S.r.l

  Redistribution and use in source and binary forms, with or without
  modification, are permitted provided that the following conditions
  are met:

  1. Redistributions of source code must retain the above copyright
     notice, this list of conditions and the following disclaimer. 

  2. Redistributions in binary form must reproduce the above copyright
     notice, this list of conditions and the following disclaimer in
     the documentation and/or other materials provided with the
     distribution.

  3. The end-user documentation included with the redistribution,
     if any, must include the following acknowledgment:
        "This product includes software developed by 
         Asemantics S.r.l."
     Alternately, this acknowledgment may appear in the software itself,
     if and wherever such third-party acknowledgments normally appear.

  4. All advertising materials mentioning features or use of this software
     must display the following acknowledgement:
     This product includes software developed by Asemantics S.r.l.
     the Semantic Web company, Rome, London, Leiden and its contributors. 

  5. Neither the name of the company nor the names of its contributors
     may be used to endorse or promote products derived from this software
     without specific prior written permission.

  THIS SOFTWARE IS PROVIDED BY THE REGENTS AND CONTRIBUTORS ``AS IS'' AND
  ANY EXPRESSED OR IMPLIED WARRANTIES, INCLUDING, BUT NOT LIMITED TO, THE
  IMPLIED WARRANTIES OF MERCHANTABILITY AND FITNESS FOR A PARTICULAR
  PURPOSE ARE DISCLAIMED.  IN NO EVENT SHALL THE REGENTS OR CONTRIBUTORS BE LIABLE
  FOR ANY DIRECT, INDIRECT, INCIDENTAL,
  SPECIAL, EXEMPLARY, OR CONSEQUENTIAL DAMAGES (INCLUDING, BUT
  NOT LIMITED TO, PROCUREMENT OF SUBSTITUTE GOODS OR SERVICES;
  LOSS OF USE, DATA, OR PROFITS; OR BUSINESS INTERRUPTION)
  HOWEVER CAUSED AND ON ANY THEORY OF LIABILITY, WHETHER IN CONTRACT,
  STRICT LIABILITY, OR TORT (INCLUDING NEGLIGENCE OR OTHERWISE)
  ARISING IN ANY WAY OUT OF THE USE OF THIS SOFTWARE, EVEN IF ADVISED
  OF THE POSSIBILITY OF SUCH DAMAGE.
-->

<!--
    author: Simone Tripodi (simone.tripodi)
    version: $Id: inject.xml 2 2008-09-18 11:47:23Z simone.tripodi $
-->
<document>
    <properties>
        <author email="stripodi at asemantics dot com">Simone Tripodi</author>
        <title>Injection and TestCases</title>
    </properties>

    <body>
        <section name="Injection and TestCases">
            Very easy - but only if you already know both TestNG and google-guice!!!<br/>
            <p>Step 1: define your business objects
                <source>interface Service {

    void go();

}

class ServiceImpl implements Service {

    public void go() {
        System.out.println("This is a test message");
    }

}</source>
            </p>
            <p>Step 2: define now the TestNG Object Factory
                <source>class ServiceTestObjectFactory extends com.asemantics.testnguice.inject.AbstractTestObjectFactory {

    public ServiceTestObjectFactory() {
        super(new Module[] { new Module() {
            public void configure(Binder binder) {
                binder.bind(Service.class).to(ServiceImpl.class);
            }
        }});
    }

}</source>
            </p>
            <p>Step 3: define your test case(s)
                <source>class ServiceTestCase {

    @com.google.inject.Inject
    private Service service;

    public void setService(Service service) {
        this.service = service;
    }

    @org.testng.annotations.Test
    public void verifyExpectedMessage() {
        assert "This is a test message".equals(service.getMessage());
    }

}</source>
            </p>
            <p>Step 4: configure <code>testng.xml</code> in way to specify the Object Factory
                <source><![CDATA[<?xml version="1.0" encoding="UTF-8"?>
<!DOCTYPE suite SYSTEM "http://testng.org/testng-1.0.dtd">
<suite name="my-test-suite">

    <test name="my-test">
        <classes>
            <class name="ServiceTestObjectFactory"/>
            <class name="ServiceTestCase"/>
        </classes>
    </test>

</suite>]]></source>
                Don't forget to specify the Object Factory <b>before</b> the rest of test classes!!!
            </p>
            <p>Final step: Run TestNG and enjoy :)</p>
        </section>
    </body>
</document>
