<?xml version="1.0" encoding="UTF-8"?>
<!--
        Copyright (c) 2008 All rights reserved
                Asemantics S.r.l

  Redistribution and use in source and binary forms, with or without
  modification, are permitted provided that the following conditions
  are met:

  1. Redistributions of source code must retain the above copyright
     notice, this list of conditions and the following disclaimer. 

  2. Redistributions in binary form must reproduce the above copyright
     notice, this list of conditions and the following disclaimer in
     the documentation and/or other materials provided with the
     distribution.

  3. The end-user documentation included with the redistribution,
     if any, must include the following acknowledgment:
        "This product includes software developed by 
         Asemantics S.r.l."
     Alternately, this acknowledgment may appear in the software itself,
     if and wherever such third-party acknowledgments normally appear.

  4. All advertising materials mentioning features or use of this software
     must display the following acknowledgement:
     This product includes software developed by Asemantics S.r.l.
     the Semantic Web company, Rome, London, Leiden and its contributors. 

  5. Neither the name of the company nor the names of its contributors
     may be used to endorse or promote products derived from this software
     without specific prior written permission.

  THIS SOFTWARE IS PROVIDED BY THE REGENTS AND CONTRIBUTORS ``AS IS'' AND
  ANY EXPRESSED OR IMPLIED WARRANTIES, INCLUDING, BUT NOT LIMITED TO, THE
  IMPLIED WARRANTIES OF MERCHANTABILITY AND FITNESS FOR A PARTICULAR
  PURPOSE ARE DISCLAIMED.  IN NO EVENT SHALL THE REGENTS OR CONTRIBUTORS BE LIABLE
  FOR ANY DIRECT, INDIRECT, INCIDENTAL,
  SPECIAL, EXEMPLARY, OR CONSEQUENTIAL DAMAGES (INCLUDING, BUT
  NOT LIMITED TO, PROCUREMENT OF SUBSTITUTE GOODS OR SERVICES;
  LOSS OF USE, DATA, OR PROFITS; OR BUSINESS INTERRUPTION)
  HOWEVER CAUSED AND ON ANY THEORY OF LIABILITY, WHETHER IN CONTRACT,
  STRICT LIABILITY, OR TORT (INCLUDING NEGLIGENCE OR OTHERWISE)
  ARISING IN ANY WAY OUT OF THE USE OF THIS SOFTWARE, EVEN IF ADVISED
  OF THE POSSIBILITY OF SUCH DAMAGE.
-->

<!--
    author: Simone Tripodi (simone.tripodi)
    version: $Id: providers.xml 2 2008-09-18 11:47:23Z simone.tripodi $
-->
<document>
    <properties>
        <author email="stripodi at asemantics dot com">Simone Tripodi</author>
        <title>Data Providers</title>
    </properties>

    <body>
        <section name="Data Providers">
            <p>A Data Provider serves two purposes:
                <ul>
                    <li>Pass an arbitrary number of parametrs to a test method;</li>
                    <li>Test methods will be invoked many times with different data sets.</li>
                </ul>
            </p>

            <section name="CSV based Data Provider">
                <p>This data provider is a <i>lazy</i> data provider that reads
                data set from a CSV file.<br/>
                Suppose having follow test case:
                <source>package org.mycompany.myapp;

class MyTestCase {

    public void justASimpleTest(java.lang.Date date, int integer) {
        if (logger.isDebugEnabled()) {
            logger.debug("Asserting data ["
                    + date
                    + ", "
                    + integer
                    + "]");
        }

        assert date != null;
        assert integer != 0;
    }

}</source>
                which should be executed with a CSV Data Provider, first you need to annotate the test method:
                <source>@org.testng.annotations.Test(
    dataProvider = com.asemantics.testnguice.providers.CsvDataProvider.DATA_PROVIDER_ID,
    dataProviderClass = com.asemantics.testnguice.providers.CsvDataProvider.class
)
public void justASimpleTest(java.lang.Date date, int integer) {
    ...
}</source>
                So, for the method <code>org.mycompany.myapp.MyTestCase#justASimpleTest</code>,
                the <code>com.asemantics.testnguice.providers.CsvDataProvider</code> will look for <i>classpath</i>'s resource
                <code>org/mycompany/myapp/MyTestCase.justASimpleTest.test-data.csv</code>.</p>
                <p>The CSV used format is the format described on <a href="http://en.wikipedia.org/wiki/Comma-separated_values">wikipedia</a>,
                with single and multi-line comment support, ignoring also empty lines. Follows a brief example:<source># classpath's resource org/mycompany/myapp/MyTestCase.justASimpleTest.test-data.csv
-- it is strongly reccomended putting your test resources in src/test/resources
/*
    comments could be useful to describe table headers
    attach LICENSE header
    report svn tags
    describe the data set
*/

2008,   17
2008-09,     17
2008-09-17,17
2008-09-17T12,17
2008-09-17T12:00,17
2008-09-17T12:00:30,17</source></p>

                <p>Java objects of type <code>java.util.Date</code> are converted starting from an ISO subset representation; allowed patterns are: <source>yyyy
yyyy-MM
yyyy-MM-dd
yyyy-MM-dd'T'HH
yyyy-MM-dd'T'HH:mm
yyyy-MM-dd'T'HH:mm:ss</source></p>
            </section>
        </section>
    </body>
</document>
