<?xml version="1.0" encoding="UTF-8"?>
<!--
    Copyright 2008-2010 Simone Tripodi

    Licensed under the Apache License, Version 2.0 (the "License");
    you may not use this file except in compliance with the License.
    You may obtain a copy of the License at

       http://www.apache.org/licenses/LICENSE-2.0

    Unless required by applicable law or agreed to in writing, software
    distributed under the License is distributed on an "AS IS" BASIS,
    WITHOUT WARRANTIES OR CONDITIONS OF ANY KIND, either express or implied.
    See the License for the specific language governing permissions and
    limitations under the License.
-->

<!--
    author: Simone Tripodi
    version: $Id: stats.xml 225 2010-01-15 19:40:12Z simone.tripodi $
-->
<document>
    <properties>
        <author email="simone dot ripodi at gmail dot com">Simone Tripodi</author>
        <title>Project Stats</title>
    </properties>

    <body>
        <section name="Project Stats">
            <subsection name="Basic stats">
                <script type="text/javascript" src="http://www.ohloh.net/p/69609/widgets/project_basic_stats.js"></script>
            </subsection>

            <subsection name="Cocomo">
                <script type="text/javascript" src="http://www.ohloh.net/p/69609/widgets/project_cocomo.js"></script>
            </subsection>

            <subsection name="Factoids">
                <script type="text/javascript" src="http://www.ohloh.net/p/69609/widgets/project_factoids.js"></script>
            </subsection>

            <subsection name="Languages">
                <script type="text/javascript" src="http://www.ohloh.net/p/69609/widgets/project_languages.js"></script>
            </subsection>
        </section>
    </body>
</document>
