<?xml version="1.0" encoding="UTF-8"?>
<!--
    Copyright 2008-2009 Simone Tripodi

    Licensed under the Apache License, Version 2.0 (the "License");
    you may not use this file except in compliance with the License.
    You may obtain a copy of the License at

       http://www.apache.org/licenses/LICENSE-2.0

    Unless required by applicable law or agreed to in writing, software
    distributed under the License is distributed on an "AS IS" BASIS,
    WITHOUT WARRANTIES OR CONDITIONS OF ANY KIND, either express or implied.
    See the License for the specific language governing permissions and
    limitations under the License.
-->

<!--
    author: Simone Tripodi
    version: $Id: changes.xml 172 2009-11-28 16:25:04Z simone.tripodi $
-->
<document xmlns="http://maven.apache.org/changes-1.0.0"
        xsi:schemaLocation="http://maven.apache.org/changes-1.0.0 http://maven.apache.org/plugins/maven-changes-plugin/xsd/changes-1.0.0.xsd">

    <properties>
        <author email="stripodi at asemantics dot com">Simone Tripodi</author>
        <title>Changes</title>
    </properties>

    <body>
        <release version="2.0" date="2009-11-24" description="Major release">
            <action dev="simone.tripodi" type="update">
                Updated Google-Guice version, now at 2.0
            </action>
            <action dev="simone.tripodi" type="update">
                Updated Apache commons-beanutils-core, now at 1.8.2
            </action>
            <action dev="simone.tripodi" type="update">
                Switched to Apache 2.0 License
            </action>
            <action dev="simone.tripodi" type="update">
                Changed package references, no more branded
            </action>
            <action dev="simone.tripodi" type="update">
                Updated site UI :)
            </action>
            <action dev="simone.tripodi" type="remove">
                Removed useless package resources
            </action>
        </release>

        <release version="1.1" date="2009-02-22" description="Improvement release">
            <action dev="simone.tripodi" type="update">
                Added default debugging java.utils.Logging
            </action>
            <action dev="simone.tripodi" type="update">
                Removed useless log4j for tests, used default java.utils.Logging instead
            </action>
        </release>

        <release version="1.0" date="2008-09-18" description="First release">
            <action dev="simone.tripodi" type="update">
                First release
            </action>
        </release>
    </body>

</document>
