<?xml version="1.0" encoding="UTF-8"?>
<!--
    Copyright 2008-2010 Simone Tripodi

    Licensed under the Apache License, Version 2.0 (the "License");
    you may not use this file except in compliance with the License.
    You may obtain a copy of the License at

        http://www.apache.org/licenses/LICENSE-2.0

    Unless required by applicable law or agreed to in writing, software
    distributed under the License is distributed on an "AS IS" BASIS,
    WITHOUT WARRANTIES OR CONDITIONS OF ANY KIND, either express or implied.
    See the License for the specific language governing permissions and
    limitations under the License.
-->

<!--
    author: Simone Tripodi (simone.tripodi)
    version: $Id: pdf.xml 221 2010-01-07 08:11:48Z simone.tripodi $
-->
<document xmlns="http://maven.apache.org/DOCUMENT/1.0.1"
    xmlns:xsi="http://www.w3.org/2001/XMLSchema-instance"
    xsi:schemaLocation="http://maven.apache.org/DOCUMENT/1.0.1 http://maven.apache.org/xsd/document-1.0.1.xsd"
    outputName="${project.name}-${project.version}">

    <meta>
        <title>${project.name}</title>
        <authors>
            <author>
                <name>Simone Tripodi</name>
                <lastName>Tripodi</lastName>
                <firstName>Simone</firstName>
                <initials>ST</initials>
                <country>Italy</country>
                <companyName>Asemantics Srl</companyName>
                <city>Rome</city>
            </author>
        </authors>
        <creator>Simone Tripodi</creator>
    </meta>

    <toc name="Table of Contents">
        <item name="Introduction" ref="index.html"/>
        <item name="Injection and TestCases" ref="inject.html"/>
        <item name="Data Providers" ref="providers.html"/>
    </toc>

    <cover>
        <coverTitle>${project.name}</coverTitle>
        <coverSubTitle>v. ${project.version}</coverSubTitle>
        <coverType>User Guide</coverType>
        <projectName>${project.name}</projectName>
        <author>Simone Tripodi</author>
        <authors>
            <author>
                <name>Simone Tripodi</name>
                <lastName>Tripodi</lastName>
                <firstName>Simone</firstName>
                <initials>ST</initials>
                <country>Italy</country>
                <companyName>Asemantics Srl</companyName>
                <city>Rome</city>
            </author>
        </authors>
    </cover>

</document>
