<?xml version="1.0" encoding="UTF-8"?>
<!--
    Copyright 2008-2009 Simone Tripodi

    Licensed under the Apache License, Version 2.0 (the "License");
    you may not use this file except in compliance with the License.
    You may obtain a copy of the License at

       http://www.apache.org/licenses/LICENSE-2.0

    Unless required by applicable law or agreed to in writing, software
    distributed under the License is distributed on an "AS IS" BASIS,
    WITHOUT WARRANTIES OR CONDITIONS OF ANY KIND, either express or implied.
    See the License for the specific language governing permissions and
    limitations under the License.
-->

<!--
    author: Simone Tripodi
    version: $Id: site.xml 170 2009-11-28 16:23:06Z simone.tripodi $
-->
<project name="testnguice">

    <skin>
        <groupId>com.fluido</groupId>
        <artifactId>fluido-skin</artifactId>
        <version>1.1</version>
    </skin>

    <body>
        <menu name="Injectlet">
            <item name="Introduction" href="index.html"/>
            <item name="Injection and TestCases" href="inject.html"/>
            <item name="Data Providers" href="providers.html"/>
        </menu>

        <menu ref="reports"/>

        <menu name="External Links">
            <item name="Project Page" href="http://code.google.com/p/testnguice"/>
            <item name="Downloads" href="http://code.google.com/p/testnguice/downloads/list"/>
            <item name="TestNG" href="http://testng.org"/>
            <item name="TEH TestNG Book" href="http://testng.org/doc/book.html"/>
            <item name="Google Guice" href="http://code.google.com/p/google-guice"/>
        </menu>
    </body>

</project>
