<?xml version="1.0" encoding="UTF-8"?>
<!--
        Copyright (c) 2008 All rights reserved
                Asemantics S.r.l

  Redistribution and use in source and binary forms, with or without
  modification, are permitted provided that the following conditions
  are met:

  1. Redistributions of source code must retain the above copyright
     notice, this list of conditions and the following disclaimer. 

  2. Redistributions in binary form must reproduce the above copyright
     notice, this list of conditions and the following disclaimer in
     the documentation and/or other materials provided with the
     distribution.

  3. The end-user documentation included with the redistribution,
     if any, must include the following acknowledgment:
        "This product includes software developed by 
         Asemantics S.r.l."
     Alternately, this acknowledgment may appear in the software itself,
     if and wherever such third-party acknowledgments normally appear.

  4. All advertising materials mentioning features or use of this software
     must display the following acknowledgement:
     This product includes software developed by Asemantics S.r.l.
     the Semantic Web company, Rome, London, Leiden and its contributors. 

  5. Neither the name of the company nor the names of its contributors
     may be used to endorse or promote products derived from this software
     without specific prior written permission.

  THIS SOFTWARE IS PROVIDED BY THE REGENTS AND CONTRIBUTORS ``AS IS'' AND
  ANY EXPRESSED OR IMPLIED WARRANTIES, INCLUDING, BUT NOT LIMITED TO, THE
  IMPLIED WARRANTIES OF MERCHANTABILITY AND FITNESS FOR A PARTICULAR
  PURPOSE ARE DISCLAIMED.  IN NO EVENT SHALL THE REGENTS OR CONTRIBUTORS BE LIABLE
  FOR ANY DIRECT, INDIRECT, INCIDENTAL,
  SPECIAL, EXEMPLARY, OR CONSEQUENTIAL DAMAGES (INCLUDING, BUT
  NOT LIMITED TO, PROCUREMENT OF SUBSTITUTE GOODS OR SERVICES;
  LOSS OF USE, DATA, OR PROFITS; OR BUSINESS INTERRUPTION)
  HOWEVER CAUSED AND ON ANY THEORY OF LIABILITY, WHETHER IN CONTRACT,
  STRICT LIABILITY, OR TORT (INCLUDING NEGLIGENCE OR OTHERWISE)
  ARISING IN ANY WAY OUT OF THE USE OF THIS SOFTWARE, EVEN IF ADVISED
  OF THE POSSIBILITY OF SUCH DAMAGE.
-->

<!--
    author: Simone Tripodi (simone.tripodi)
    version: $Id: bin.xml 2 2008-09-18 11:47:23Z simone.tripodi $
-->
<assembly xmlns="http://maven.apache.org/Assembly/1.0.0"
    xmlns:xsi="http://www.w3.org/2001/XMLSchema-instance"
    xsi:schemaLocation="http://maven.apache.org/Assembly/1.0.0
                      http://maven.apache.org/xsd/assembly-1.0.0.xsd">

    <id>bin-distribution</id>
    <formats>
        <format>zip</format>
        <format>tar.gz</format>
    </formats>

    <fileSets>
        <fileSet>
            <includes>
                <include>LICENSE</include>
                <include>NOTICE</include>
                <include>doap_*</include>
            </includes>
        </fileSet>

        <fileSet>
            <directory>target</directory>
            <outputDirectory>/lib</outputDirectory>
            <includes>
                <include>*.jar</include>
            </includes>
        </fileSet>

        <fileSet>
            <directory>target/site</directory>
            <outputDirectory>/doc</outputDirectory>
        </fileSet>
    </fileSets>

    <dependencySets>
        <dependencySet>
            <outputDirectory>/lib</outputDirectory>
            <unpack>false</unpack>
            <scope>compile</scope>
        </dependencySet>

        <dependencySet>
            <outputDirectory>/lib</outputDirectory>
            <unpack>false</unpack>
            <scope>runtime</scope>
        </dependencySet>
    </dependencySets>

</assembly>
