<?xml version="1.0" encoding="UTF-8"?>
<!--
    Copyright 2008-2009 Simone Tripodi

    Licensed under the Apache License, Version 2.0 (the "License");
    you may not use this file except in compliance with the License.
    You may obtain a copy of the License at

       http://www.apache.org/licenses/LICENSE-2.0

    Unless required by applicable law or agreed to in writing, software
    distributed under the License is distributed on an "AS IS" BASIS,
    WITHOUT WARRANTIES OR CONDITIONS OF ANY KIND, either express or implied.
    See the License for the specific language governing permissions and
    limitations under the License.
-->

<!--
    author: Simone Tripodi
    version: $Id: all.xml 71 2009-10-22 10:51:03Z simone.tripodi $
-->
<assembly xmlns="http://maven.apache.org/Assembly/1.0.0"
    xmlns:xsi="http://www.w3.org/2001/XMLSchema-instance"
    xsi:schemaLocation="http://maven.apache.org/Assembly/1.0.0
                      http://maven.apache.org/xsd/assembly-1.0.0.xsd">

    <id>all-distribution</id>
    <formats>
        <format>zip</format>
        <format>tar.gz</format>
    </formats>

    <fileSets>
        <fileSet>
            <includes>
                <include>LICENSE</include>
                <include>NOTICE</include>
                <include>pom.xml</include>
                <include>doap_*</include>
            </includes>
        </fileSet>

        <fileSet>
            <directory>src</directory>
            <outputDirectory>/src</outputDirectory>
        </fileSet>

        <fileSet>
            <directory>target</directory>
            <outputDirectory>/lib</outputDirectory>
            <includes>
                <include>*.jar</include>
            </includes>
        </fileSet>

        <fileSet>
            <directory>target/site</directory>
            <outputDirectory>/doc</outputDirectory>
        </fileSet>
    </fileSets>

    <dependencySets>
        <dependencySet>
            <outputDirectory>/lib</outputDirectory>
            <unpack>false</unpack>
            <scope>compile</scope>
        </dependencySet>

        <dependencySet>
            <outputDirectory>/lib</outputDirectory>
            <unpack>false</unpack>
            <scope>runtime</scope>
        </dependencySet>
    </dependencySets>

</assembly>
